{"mean": [120.407958984375, 90.0482177734375, 53.79271697998047], "std": [45.8242301940918, 5.7977800369262695, 20.726789474487305]}